--
-- PostgreSQL database dump
--

\restrict 7rEEHVReACUgClDmWToZdU2fu7cn4Z4ludL88efzIyCi60YGD9aFnXQ7i1YKR7x

-- Dumped from database version 16.13 (Debian 16.13-1.pgdg13+1)
-- Dumped by pg_dump version 16.13 (Debian 16.13-1.pgdg13+1)

SET statement_timeout = 0;
SET lock_timeout = 0;
SET idle_in_transaction_session_timeout = 0;
SET client_encoding = 'UTF8';
SET standard_conforming_strings = on;
SELECT pg_catalog.set_config('search_path', '', false);
SET check_function_bodies = false;
SET xmloption = content;
SET client_min_messages = warning;
SET row_security = off;

--
-- Data for Name: users; Type: TABLE DATA; Schema: public; Owner: admin
--

COPY public.users (id, username, email, password_hash, role, is_active, profile_image_url, created_at) FROM stdin;
1	admin.dev	admin.dev@local.test	$2b$12$qr7Xy7bmk7RhiMBg9rn5Tuc4YTQuvMl4CRkdQHjNUVTFt9eDXGFH.	admin	t	\N	2026-03-09 01:52:00.602047
2	bret	sincere@april.biz	$2b$12$7waGgsHX6O1bwuZZoHO4FueokuZ8Um9u0QGj7Cy3f/ANbSEe/tmFS	user	t	\N	2026-03-09 01:52:00.832612
3	antonette	shanna@melissa.tv	$2b$12$f4KSwIMn2.WJ6paeUzmR6.x4m.pn3Xg4XM3GjG41JubXBcj83x5i2	user	t	\N	2026-03-09 01:52:01.089053
4	samantha	nathan@yesenia.net	$2b$12$Hjo7wYw3o2ZleSdcbNuX1e9Q1xMXLq2a.aAzVq4xpxb9ddQvZTBgu	user	t	\N	2026-03-09 01:52:01.325612
5	karianne	julianne.oconner@kory.org	$2b$12$ggOJT/9Z.DFn5RYtNaqG4Ofi3xVlKb54ecWvRWpCZ7nDBXJVBz9Rm	user	t	\N	2026-03-09 01:52:01.556465
6	kamren	lucio_hettinger@annie.ca	$2b$12$D4vF/wVUbblOksfK/iyzoOR8j5JOfi.29IIjOjGQagmqgvlUHBkN.	user	t	\N	2026-03-09 01:52:01.78436
7	leopoldo_corkery	karley_dach@jasper.info	$2b$12$R0SK11VWXNae/LjYvNLTL.sJaxn4K6Wb3rdO6j4WvxYVgp3n/wNle	user	t	\N	2026-03-09 01:52:02.038194
8	elwyn.skiles	telly.hoeger@billy.biz	$2b$12$QblL.dpP8kO7z.9v5QdnGemcj9mdRG3q9XBPBAped/EJmIGu2OC3S	user	t	\N	2026-03-09 01:52:02.291052
9	maxime_nienow	sherwood@rosamond.me	$2b$12$KPbFqrrwTeh4NiPW9Q5roe3mC5EEXmb0lj0zIEJOavUcqyq1T.f2i	user	t	\N	2026-03-09 01:52:02.541675
10	delphine	chaim_mcdermott@dana.io	$2b$12$uHn24pg.j3arqsrsfQiKbOfTLp0SHtgeS8jwWE/PN4SU6jKMw7H.C	user	t	\N	2026-03-09 01:52:02.775727
11	moriah.stanton	rey.padberg@karina.biz	$2b$12$4PNiYq0wUFSBzDUM.mfmPe.tnMRJ7O3WkxiAcjaXeO7jjJMIYWtnK	user	t	\N	2026-03-09 01:52:03.003165
\.


--
-- Data for Name: customers; Type: TABLE DATA; Schema: public; Owner: admin
--

COPY public.customers (id, first_name, last_name, email, dpi, birth_date, address, department, municipality) FROM stdin;
1	Admin	Dev	admin.dev@local.test	9000000000001	1990-01-01	Development HQ	guatemala	guatemala
2	Leanne	Graham	sincere@april.biz	1000000000002	1995-01-01	Kulas Light	gwenborough	apt. 556
3	Ervin	Howell	shanna@melissa.tv	1000000000003	1995-01-01	Victor Plains	wisokyburgh	suite 879
4	Clementine	Bauch	nathan@yesenia.net	1000000000004	1995-01-01	Douglas Extension	mckenziehaven	suite 847
5	Patricia	Lebsack	julianne.oconner@kory.org	1000000000005	1995-01-01	Hoeger Mall	south elvis	apt. 692
6	Chelsey	Dietrich	lucio_hettinger@annie.ca	1000000000006	1995-01-01	Skiles Walks	roscoeview	suite 351
7	Mrs.	Dennis Schulist	karley_dach@jasper.info	1000000000007	1995-01-01	Norberto Crossing	south christy	apt. 950
8	Kurtis	Weissnat	telly.hoeger@billy.biz	1000000000008	1995-01-01	Rex Trail	howemouth	suite 280
9	Nicholas	Runolfsdottir V	sherwood@rosamond.me	1000000000009	1995-01-01	Ellsworth Summit	aliyaview	suite 729
10	Glenna	Reichert	chaim_mcdermott@dana.io	1000000000010	1995-01-01	Dayna Park	bartholomebury	suite 449
11	Clementina	DuBuque	rey.padberg@karina.biz	1000000000011	1995-01-01	Kattie Turnpike	lebsackbury	suite 198
\.


--
-- Data for Name: accounts; Type: TABLE DATA; Schema: public; Owner: admin
--

COPY public.accounts (id, customer_id, account_number, balance) FROM stdin;
1	2	1804456436	472.00
2	2	5285017212	877.00
3	3	3976359896	2596.00
4	4	2333855730	22.00
5	5	9951471976	2771.00
6	6	5506508514	496.00
7	6	2610541725	1276.00
8	7	2229563086	296.00
9	7	6265844577	1422.00
10	8	1012759316	480.00
11	8	8580815295	1412.00
12	9	4705813721	2205.00
13	10	7976521283	2543.00
14	11	8901774766	327.00
15	11	7932477470	766.00
\.


--
-- Data for Name: transactions; Type: TABLE DATA; Schema: public; Owner: admin
--

COPY public.transactions (id, account_id, amount, type, created_at) FROM stdin;
1	1	63.00	deposit	2026-02-28 19:52:00.852066
2	1	338.00	deposit	2026-02-07 19:52:00.852066
3	1	242.00	deposit	2026-02-06 19:52:00.852066
4	1	434.00	deposit	2026-01-12 19:52:00.852066
5	1	260.00	withdraw	2026-03-07 19:52:00.852066
6	1	489.00	deposit	2026-01-18 19:52:00.852066
7	1	340.00	deposit	2026-01-17 19:52:00.852066
8	1	127.00	deposit	2026-02-04 19:52:00.852066
9	1	275.00	withdraw	2026-03-07 19:52:00.852066
10	1	465.00	withdraw	2026-02-26 19:52:00.852066
11	1	261.00	withdraw	2026-03-06 19:52:00.852066
12	1	302.00	withdraw	2026-01-14 19:52:00.852066
13	1	368.00	deposit	2026-03-04 19:52:00.852066
14	1	156.00	withdraw	2026-02-24 19:52:00.852066
15	1	364.00	withdraw	2026-01-23 19:52:00.852066
16	1	470.00	deposit	2026-03-04 19:52:00.852066
17	1	126.00	deposit	2026-02-22 19:52:00.852066
18	1	270.00	deposit	2026-01-13 19:52:00.852066
19	1	286.00	withdraw	2026-02-17 19:52:00.852066
20	1	426.00	withdraw	2026-02-25 19:52:00.852066
21	2	92.00	deposit	2026-02-07 19:52:00.874284
22	2	328.00	deposit	2026-02-16 19:52:00.874284
23	2	88.00	withdraw	2026-02-26 19:52:00.874284
24	2	148.00	withdraw	2026-02-12 19:52:00.874284
25	2	386.00	deposit	2026-03-06 19:52:00.874284
26	2	479.00	deposit	2026-01-18 19:52:00.874284
27	2	464.00	withdraw	2026-02-24 19:52:00.874284
28	2	422.00	withdraw	2026-01-24 19:52:00.874284
29	2	70.00	deposit	2026-02-28 19:52:00.874284
30	2	208.00	withdraw	2026-01-30 19:52:00.874284
31	2	190.00	deposit	2026-01-17 19:52:00.874284
32	2	408.00	deposit	2026-03-05 19:52:00.874284
33	2	264.00	deposit	2026-02-02 19:52:00.874284
34	2	106.00	withdraw	2026-01-20 19:52:00.874284
35	2	266.00	withdraw	2026-02-06 19:52:00.874284
36	2	254.00	withdraw	2026-02-05 19:52:00.874284
37	2	110.00	withdraw	2026-02-28 19:52:00.874284
38	2	257.00	deposit	2026-03-02 19:52:00.874284
39	2	495.00	deposit	2026-01-30 19:52:00.874284
40	2	364.00	withdraw	2026-01-14 19:52:00.874284
41	2	165.00	withdraw	2026-02-06 19:52:00.874284
42	2	180.00	withdraw	2026-01-31 19:52:00.874284
43	2	498.00	deposit	2026-02-17 19:52:00.874284
44	2	311.00	deposit	2026-02-26 19:52:00.874284
45	2	181.00	withdraw	2026-02-28 19:52:00.874284
46	2	345.00	withdraw	2026-01-28 19:52:00.874284
47	2	400.00	deposit	2026-03-06 19:52:00.874284
48	3	298.00	deposit	2026-02-26 19:52:01.108511
49	3	458.00	deposit	2026-02-27 19:52:01.108511
50	3	324.00	deposit	2026-02-17 19:52:01.108511
51	3	131.00	withdraw	2026-02-16 19:52:01.108511
52	3	414.00	deposit	2026-02-25 19:52:01.108511
53	3	469.00	deposit	2026-03-05 19:52:01.108511
54	3	365.00	deposit	2026-01-16 19:52:01.108511
55	3	460.00	deposit	2026-02-05 19:52:01.108511
56	3	307.00	deposit	2026-01-14 19:52:01.108511
57	3	228.00	deposit	2026-01-20 19:52:01.108511
58	3	337.00	deposit	2026-01-20 19:52:01.108511
59	3	216.00	deposit	2026-01-22 19:52:01.108511
60	3	277.00	deposit	2026-03-07 19:52:01.108511
61	3	493.00	withdraw	2026-03-03 19:52:01.108511
62	3	323.00	withdraw	2026-01-29 19:52:01.108511
63	3	447.00	withdraw	2026-02-13 19:52:01.108511
64	3	122.00	withdraw	2026-03-08 19:52:01.108511
65	3	177.00	deposit	2026-01-19 19:52:01.108511
66	3	316.00	deposit	2026-01-19 19:52:01.108511
67	3	345.00	withdraw	2026-01-28 19:52:01.108511
68	3	376.00	deposit	2026-02-18 19:52:01.108511
69	3	422.00	withdraw	2026-02-21 19:52:01.108511
70	3	105.00	withdraw	2026-02-28 19:52:01.108511
71	3	164.00	withdraw	2026-03-08 19:52:01.108511
72	3	63.00	withdraw	2026-02-14 19:52:01.108511
73	3	159.00	deposit	2026-01-22 19:52:01.108511
74	3	73.00	withdraw	2026-01-16 19:52:01.108511
75	3	125.00	withdraw	2026-01-19 19:52:01.108511
76	3	296.00	deposit	2026-01-28 19:52:01.108511
77	3	343.00	withdraw	2026-03-01 19:52:01.108511
78	3	161.00	withdraw	2026-02-10 19:52:01.108511
79	3	474.00	withdraw	2026-02-26 19:52:01.108511
80	3	104.00	deposit	2026-02-15 19:52:01.108511
81	3	364.00	deposit	2026-02-26 19:52:01.108511
82	3	442.00	deposit	2026-03-03 19:52:01.108511
83	4	215.00	deposit	2026-02-21 19:52:01.345889
84	4	143.00	withdraw	2026-02-16 19:52:01.345889
85	4	376.00	deposit	2026-02-14 19:52:01.345889
86	4	496.00	deposit	2026-01-30 19:52:01.345889
87	4	433.00	deposit	2026-03-01 19:52:01.345889
88	4	367.00	withdraw	2026-02-08 19:52:01.345889
89	4	140.00	withdraw	2026-02-21 19:52:01.345889
90	4	318.00	withdraw	2026-02-03 19:52:01.345889
91	4	364.00	deposit	2026-02-24 19:52:01.345889
92	4	409.00	deposit	2026-01-22 19:52:01.345889
93	4	183.00	withdraw	2026-01-13 19:52:01.345889
94	4	82.00	deposit	2026-03-06 19:52:01.345889
95	4	391.00	withdraw	2026-02-03 19:52:01.345889
96	4	287.00	withdraw	2026-01-27 19:52:01.345889
97	4	385.00	withdraw	2026-01-27 19:52:01.345889
98	4	178.00	deposit	2026-01-16 19:52:01.345889
99	4	408.00	deposit	2026-02-15 19:52:01.345889
100	4	57.00	withdraw	2026-01-23 19:52:01.345889
101	4	454.00	withdraw	2026-02-03 19:52:01.345889
102	4	401.00	deposit	2026-01-22 19:52:01.345889
103	4	432.00	deposit	2026-01-28 19:52:01.345889
104	4	104.00	deposit	2026-01-20 19:52:01.345889
105	4	452.00	withdraw	2026-02-11 19:52:01.345889
106	4	363.00	deposit	2026-01-30 19:52:01.345889
107	4	176.00	withdraw	2026-02-17 19:52:01.345889
108	4	231.00	withdraw	2026-02-20 19:52:01.345889
109	4	207.00	withdraw	2026-01-31 19:52:01.345889
110	4	448.00	withdraw	2026-03-04 19:52:01.345889
111	5	375.00	deposit	2026-02-18 19:52:01.574858
112	5	244.00	withdraw	2026-02-19 19:52:01.574858
113	5	498.00	deposit	2026-02-13 19:52:01.574858
114	5	153.00	withdraw	2026-03-05 19:52:01.574858
115	5	339.00	deposit	2026-01-19 19:52:01.574858
116	5	380.00	withdraw	2026-02-27 19:52:01.574858
117	5	106.00	deposit	2026-01-20 19:52:01.574858
118	5	195.00	deposit	2026-01-18 19:52:01.574858
119	5	185.00	deposit	2026-03-07 19:52:01.574858
120	5	330.00	deposit	2026-01-29 19:52:01.574858
121	5	351.00	deposit	2026-02-25 19:52:01.574858
122	5	462.00	deposit	2026-02-10 19:52:01.574858
123	5	98.00	withdraw	2026-02-12 19:52:01.574858
124	5	147.00	withdraw	2026-02-09 19:52:01.574858
125	5	373.00	withdraw	2026-03-08 19:52:01.574858
126	5	244.00	deposit	2026-02-21 19:52:01.574858
127	5	212.00	withdraw	2026-01-28 19:52:01.574858
128	5	216.00	withdraw	2026-01-28 19:52:01.574858
129	5	500.00	deposit	2026-02-03 19:52:01.574858
130	5	202.00	deposit	2026-02-02 19:52:01.574858
131	5	494.00	deposit	2026-02-03 19:52:01.574858
132	5	305.00	withdraw	2026-02-14 19:52:01.574858
133	5	53.00	withdraw	2026-01-16 19:52:01.574858
134	5	442.00	deposit	2026-01-12 19:52:01.574858
135	5	229.00	deposit	2026-02-03 19:52:01.574858
136	6	445.00	deposit	2026-02-26 19:52:01.804539
137	6	65.00	withdraw	2026-01-17 19:52:01.804539
138	6	387.00	deposit	2026-03-08 19:52:01.804539
139	6	482.00	withdraw	2026-01-12 19:52:01.804539
140	6	182.00	deposit	2026-02-17 19:52:01.804539
141	6	338.00	withdraw	2026-02-24 19:52:01.804539
142	6	239.00	deposit	2026-01-11 19:52:01.804539
143	6	148.00	withdraw	2026-01-17 19:52:01.804539
144	6	271.00	deposit	2026-02-09 19:52:01.804539
145	6	109.00	withdraw	2026-02-06 19:52:01.804539
146	6	130.00	deposit	2026-03-01 19:52:01.804539
147	6	399.00	withdraw	2026-01-20 19:52:01.804539
148	6	307.00	deposit	2026-02-25 19:52:01.804539
149	6	428.00	deposit	2026-01-17 19:52:01.804539
150	6	86.00	withdraw	2026-01-20 19:52:01.804539
151	6	285.00	withdraw	2026-01-13 19:52:01.804539
152	6	400.00	withdraw	2026-02-08 19:52:01.804539
153	6	288.00	deposit	2026-02-28 19:52:01.804539
154	6	492.00	deposit	2026-02-17 19:52:01.804539
155	6	421.00	withdraw	2026-02-01 19:52:01.804539
156	6	161.00	withdraw	2026-01-26 19:52:01.804539
157	6	221.00	deposit	2026-01-31 19:52:01.804539
158	7	232.00	deposit	2026-02-15 19:52:01.82205
159	7	233.00	deposit	2026-01-25 19:52:01.82205
160	7	276.00	withdraw	2026-03-04 19:52:01.82205
161	7	122.00	deposit	2026-02-22 19:52:01.82205
162	7	386.00	deposit	2026-02-20 19:52:01.82205
163	7	345.00	deposit	2026-01-16 19:52:01.82205
164	7	386.00	deposit	2026-02-07 19:52:01.82205
165	7	424.00	deposit	2026-01-18 19:52:01.82205
166	7	169.00	withdraw	2026-01-22 19:52:01.82205
167	7	469.00	withdraw	2026-02-19 19:52:01.82205
168	7	354.00	withdraw	2026-02-03 19:52:01.82205
169	7	60.00	withdraw	2026-02-24 19:52:01.82205
170	7	172.00	withdraw	2026-02-17 19:52:01.82205
171	7	100.00	deposit	2026-02-13 19:52:01.82205
172	7	282.00	withdraw	2026-02-25 19:52:01.82205
173	7	461.00	deposit	2026-02-01 19:52:01.82205
174	7	332.00	withdraw	2026-01-19 19:52:01.82205
175	7	138.00	withdraw	2026-01-20 19:52:01.82205
176	7	474.00	deposit	2026-02-22 19:52:01.82205
177	7	65.00	deposit	2026-02-22 19:52:01.82205
178	7	390.00	withdraw	2026-02-14 19:52:01.82205
179	7	377.00	deposit	2026-02-19 19:52:01.82205
180	7	494.00	withdraw	2026-02-04 19:52:01.82205
181	7	55.00	deposit	2026-02-06 19:52:01.82205
182	7	429.00	withdraw	2026-02-21 19:52:01.82205
183	7	471.00	deposit	2026-03-07 19:52:01.82205
184	7	108.00	withdraw	2026-01-13 19:52:01.82205
185	7	79.00	deposit	2026-02-13 19:52:01.82205
186	7	500.00	deposit	2026-02-01 19:52:01.82205
187	7	315.00	deposit	2026-01-16 19:52:01.82205
188	7	363.00	withdraw	2026-01-24 19:52:01.82205
189	7	287.00	deposit	2026-02-10 19:52:01.82205
190	8	248.00	deposit	2026-01-26 19:52:02.059806
191	8	348.00	deposit	2026-03-01 19:52:02.059806
192	8	396.00	withdraw	2026-03-03 19:52:02.059806
193	8	284.00	deposit	2026-02-03 19:52:02.059806
194	8	306.00	deposit	2026-02-09 19:52:02.059806
195	8	419.00	withdraw	2026-03-03 19:52:02.059806
196	8	100.00	deposit	2026-02-25 19:52:02.059806
197	8	264.00	withdraw	2026-03-05 19:52:02.059806
198	8	52.00	withdraw	2026-01-17 19:52:02.059806
199	8	241.00	deposit	2026-01-11 19:52:02.059806
200	8	286.00	withdraw	2026-01-25 19:52:02.059806
201	8	256.00	deposit	2026-02-27 19:52:02.059806
202	8	440.00	deposit	2026-01-25 19:52:02.059806
203	8	474.00	withdraw	2026-03-06 19:52:02.059806
204	8	114.00	withdraw	2026-02-17 19:52:02.059806
205	8	279.00	deposit	2026-02-14 19:52:02.059806
206	8	136.00	deposit	2026-02-23 19:52:02.059806
207	8	286.00	deposit	2026-01-21 19:52:02.059806
208	8	163.00	withdraw	2026-03-07 19:52:02.059806
209	8	454.00	deposit	2026-02-02 19:52:02.059806
210	8	402.00	withdraw	2026-03-01 19:52:02.059806
211	8	379.00	withdraw	2026-02-28 19:52:02.059806
212	8	397.00	withdraw	2026-03-03 19:52:02.059806
213	8	444.00	deposit	2026-01-23 19:52:02.059806
214	8	146.00	deposit	2026-01-27 19:52:02.059806
215	8	164.00	deposit	2026-01-19 19:52:02.059806
216	8	150.00	withdraw	2026-02-27 19:52:02.059806
217	8	101.00	deposit	2026-02-07 19:52:02.059806
218	8	441.00	withdraw	2026-02-11 19:52:02.059806
219	9	80.00	deposit	2026-01-14 19:52:02.083185
220	9	493.00	deposit	2026-02-28 19:52:02.083185
221	9	374.00	withdraw	2026-01-27 19:52:02.083185
222	9	500.00	deposit	2026-02-21 19:52:02.083185
223	9	196.00	withdraw	2026-02-11 19:52:02.083185
224	9	92.00	withdraw	2026-02-17 19:52:02.083185
225	9	361.00	deposit	2026-02-20 19:52:02.083185
226	9	173.00	withdraw	2026-03-05 19:52:02.083185
227	9	178.00	deposit	2026-02-10 19:52:02.083185
228	9	363.00	deposit	2026-01-21 19:52:02.083185
229	9	142.00	withdraw	2026-03-08 19:52:02.083185
230	9	389.00	deposit	2026-02-09 19:52:02.083185
231	9	444.00	withdraw	2026-02-15 19:52:02.083185
232	9	405.00	withdraw	2026-01-20 19:52:02.083185
233	9	187.00	withdraw	2026-02-09 19:52:02.083185
234	9	78.00	withdraw	2026-02-06 19:52:02.083185
235	9	56.00	deposit	2026-01-12 19:52:02.083185
236	9	212.00	deposit	2026-03-05 19:52:02.083185
237	9	97.00	withdraw	2026-02-14 19:52:02.083185
238	9	471.00	deposit	2026-01-11 19:52:02.083185
239	9	257.00	withdraw	2026-03-01 19:52:02.083185
240	9	115.00	withdraw	2026-01-16 19:52:02.083185
241	9	353.00	deposit	2026-02-04 19:52:02.083185
242	9	154.00	deposit	2026-01-30 19:52:02.083185
243	9	372.00	deposit	2026-02-16 19:52:02.083185
244	10	370.00	deposit	2026-02-12 19:52:02.307919
245	10	415.00	deposit	2026-02-03 19:52:02.307919
246	10	202.00	deposit	2026-03-07 19:52:02.307919
247	10	358.00	deposit	2026-02-27 19:52:02.307919
248	10	392.00	deposit	2026-01-25 19:52:02.307919
249	10	364.00	withdraw	2026-01-14 19:52:02.307919
250	10	348.00	deposit	2026-01-26 19:52:02.307919
251	10	165.00	withdraw	2026-01-18 19:52:02.307919
252	10	263.00	deposit	2026-01-28 19:52:02.307919
253	10	217.00	withdraw	2026-02-03 19:52:02.307919
254	10	439.00	deposit	2026-02-03 19:52:02.307919
255	10	170.00	deposit	2026-02-16 19:52:02.307919
256	10	265.00	deposit	2026-01-22 19:52:02.307919
257	10	53.00	withdraw	2026-01-19 19:52:02.307919
258	10	181.00	withdraw	2026-01-24 19:52:02.307919
259	10	160.00	deposit	2026-02-14 19:52:02.307919
260	10	247.00	withdraw	2026-01-20 19:52:02.307919
261	10	250.00	deposit	2026-02-20 19:52:02.307919
262	10	52.00	deposit	2026-02-26 19:52:02.307919
263	10	328.00	withdraw	2026-03-08 19:52:02.307919
264	10	266.00	withdraw	2026-02-01 19:52:02.307919
265	10	102.00	deposit	2026-02-15 19:52:02.307919
266	10	131.00	deposit	2026-03-06 19:52:02.307919
267	10	243.00	withdraw	2026-01-27 19:52:02.307919
268	10	85.00	withdraw	2026-01-11 19:52:02.307919
269	10	399.00	withdraw	2026-01-23 19:52:02.307919
270	10	101.00	deposit	2026-02-14 19:52:02.307919
271	10	108.00	withdraw	2026-02-28 19:52:02.307919
272	10	92.00	deposit	2026-01-25 19:52:02.307919
273	10	408.00	withdraw	2026-01-29 19:52:02.307919
274	10	198.00	withdraw	2026-02-18 19:52:02.307919
275	10	343.00	withdraw	2026-02-26 19:52:02.307919
276	10	113.00	deposit	2026-02-12 19:52:02.307919
277	10	191.00	deposit	2026-02-08 19:52:02.307919
278	10	329.00	withdraw	2026-02-18 19:52:02.307919
279	11	236.00	deposit	2026-01-12 19:52:02.322792
280	11	301.00	deposit	2026-03-04 19:52:02.322792
281	11	269.00	withdraw	2026-01-17 19:52:02.322792
282	11	368.00	deposit	2026-01-16 19:52:02.322792
283	11	119.00	withdraw	2026-02-11 19:52:02.322792
284	11	262.00	withdraw	2026-01-22 19:52:02.322792
285	11	453.00	deposit	2026-03-03 19:52:02.322792
286	11	163.00	deposit	2026-02-27 19:52:02.322792
287	11	137.00	deposit	2026-02-09 19:52:02.322792
288	11	431.00	deposit	2026-02-11 19:52:02.322792
289	11	157.00	withdraw	2026-03-02 19:52:02.322792
290	11	309.00	withdraw	2026-03-07 19:52:02.322792
291	11	308.00	deposit	2026-01-16 19:52:02.322792
292	11	375.00	withdraw	2026-02-11 19:52:02.322792
293	11	391.00	deposit	2026-02-13 19:52:02.322792
294	11	150.00	deposit	2026-02-12 19:52:02.322792
295	11	129.00	deposit	2026-02-14 19:52:02.322792
296	11	281.00	withdraw	2026-02-19 19:52:02.322792
297	11	319.00	withdraw	2026-02-01 19:52:02.322792
298	11	219.00	withdraw	2026-02-09 19:52:02.322792
299	11	466.00	deposit	2026-02-27 19:52:02.322792
300	11	135.00	deposit	2026-02-22 19:52:02.322792
301	11	57.00	deposit	2026-02-01 19:52:02.322792
302	11	304.00	deposit	2026-01-30 19:52:02.322792
303	11	94.00	withdraw	2026-02-16 19:52:02.322792
304	11	167.00	withdraw	2026-02-14 19:52:02.322792
305	11	477.00	withdraw	2026-01-24 19:52:02.322792
306	11	431.00	deposit	2026-02-11 19:52:02.322792
307	12	200.00	deposit	2026-02-08 19:52:02.561076
308	12	188.00	withdraw	2026-01-15 19:52:02.561076
309	12	130.00	deposit	2026-02-17 19:52:02.561076
310	12	410.00	deposit	2026-03-07 19:52:02.561076
311	12	140.00	withdraw	2026-01-28 19:52:02.561076
312	12	451.00	deposit	2026-02-02 19:52:02.561076
313	12	161.00	deposit	2026-02-14 19:52:02.561076
314	12	303.00	deposit	2026-03-06 19:52:02.561076
315	12	320.00	deposit	2026-02-11 19:52:02.561076
316	12	275.00	withdraw	2026-02-20 19:52:02.561076
317	12	428.00	deposit	2026-02-16 19:52:02.561076
318	12	59.00	withdraw	2026-02-07 19:52:02.561076
319	12	241.00	deposit	2026-01-25 19:52:02.561076
320	12	61.00	withdraw	2026-01-28 19:52:02.561076
321	12	170.00	deposit	2026-02-18 19:52:02.561076
322	12	276.00	withdraw	2026-01-12 19:52:02.561076
323	12	359.00	deposit	2026-02-05 19:52:02.561076
324	12	331.00	withdraw	2026-02-12 19:52:02.561076
325	12	171.00	withdraw	2026-02-24 19:52:02.561076
326	12	305.00	deposit	2026-02-14 19:52:02.561076
327	12	395.00	deposit	2026-01-18 19:52:02.561076
328	12	208.00	withdraw	2026-02-16 19:52:02.561076
329	12	159.00	withdraw	2026-02-13 19:52:02.561076
330	12	413.00	deposit	2026-03-03 19:52:02.561076
331	12	184.00	deposit	2026-03-06 19:52:02.561076
332	12	179.00	withdraw	2026-01-12 19:52:02.561076
333	12	218.00	withdraw	2026-01-20 19:52:02.561076
334	13	398.00	deposit	2026-02-15 19:52:02.795348
335	13	187.00	deposit	2026-01-15 19:52:02.795348
336	13	322.00	deposit	2026-02-05 19:52:02.795348
337	13	343.00	withdraw	2026-02-23 19:52:02.795348
338	13	235.00	deposit	2026-01-13 19:52:02.795348
339	13	465.00	withdraw	2026-01-20 19:52:02.795348
340	13	381.00	deposit	2026-02-08 19:52:02.795348
341	13	309.00	withdraw	2026-01-23 19:52:02.795348
342	13	276.00	deposit	2026-03-06 19:52:02.795348
343	13	90.00	deposit	2026-02-27 19:52:02.795348
344	13	125.00	deposit	2026-03-04 19:52:02.795348
345	13	440.00	deposit	2026-01-27 19:52:02.795348
346	13	237.00	deposit	2026-03-07 19:52:02.795348
347	13	488.00	withdraw	2026-02-13 19:52:02.795348
348	13	384.00	deposit	2026-02-26 19:52:02.795348
349	13	497.00	deposit	2026-03-08 19:52:02.795348
350	13	147.00	deposit	2026-01-28 19:52:02.795348
351	13	72.00	deposit	2026-02-03 19:52:02.795348
352	13	446.00	deposit	2026-02-10 19:52:02.795348
353	13	429.00	withdraw	2026-02-13 19:52:02.795348
354	13	409.00	deposit	2026-01-26 19:52:02.795348
355	13	200.00	withdraw	2026-01-31 19:52:02.795348
356	13	247.00	withdraw	2026-02-10 19:52:02.795348
357	13	218.00	deposit	2026-01-15 19:52:02.795348
358	13	164.00	deposit	2026-02-10 19:52:02.795348
359	13	311.00	withdraw	2026-02-20 19:52:02.795348
360	13	125.00	withdraw	2026-01-28 19:52:02.795348
361	13	405.00	deposit	2026-02-13 19:52:02.795348
362	13	282.00	deposit	2026-03-05 19:52:02.795348
363	13	500.00	withdraw	2026-01-18 19:52:02.795348
364	13	109.00	deposit	2026-02-23 19:52:02.795348
365	13	136.00	deposit	2026-01-20 19:52:02.795348
366	14	450.00	deposit	2026-02-28 19:52:03.020573
367	14	295.00	withdraw	2026-03-05 19:52:03.020573
368	14	360.00	deposit	2026-01-23 19:52:03.020573
369	14	393.00	withdraw	2026-01-27 19:52:03.020573
370	14	465.00	deposit	2026-03-08 19:52:03.020573
371	14	260.00	deposit	2026-02-02 19:52:03.020573
372	14	405.00	withdraw	2026-01-22 19:52:03.020573
373	14	361.00	deposit	2026-02-08 19:52:03.020573
374	14	476.00	deposit	2026-02-12 19:52:03.020573
375	14	314.00	withdraw	2026-01-23 19:52:03.020573
376	14	409.00	withdraw	2026-01-25 19:52:03.020573
377	14	239.00	deposit	2026-01-25 19:52:03.020573
378	14	392.00	withdraw	2026-01-30 19:52:03.020573
379	14	413.00	deposit	2026-01-23 19:52:03.020573
380	14	263.00	deposit	2026-01-19 19:52:03.020573
381	14	500.00	deposit	2026-02-15 19:52:03.020573
382	14	131.00	withdraw	2026-01-14 19:52:03.020573
383	14	306.00	withdraw	2026-03-03 19:52:03.020573
384	14	449.00	withdraw	2026-02-12 19:52:03.020573
385	14	366.00	withdraw	2026-02-23 19:52:03.020573
386	15	172.00	deposit	2026-02-01 19:52:03.034975
387	15	233.00	deposit	2026-02-07 19:52:03.034975
388	15	347.00	deposit	2026-01-16 19:52:03.034975
389	15	57.00	deposit	2026-02-12 19:52:03.034975
390	15	458.00	withdraw	2026-02-03 19:52:03.034975
391	15	397.00	deposit	2026-02-25 19:52:03.034975
392	15	142.00	withdraw	2026-02-20 19:52:03.034975
393	15	92.00	withdraw	2026-02-12 19:52:03.034975
394	15	431.00	deposit	2026-01-18 19:52:03.034975
395	15	256.00	deposit	2026-02-12 19:52:03.034975
396	15	212.00	deposit	2026-02-11 19:52:03.034975
397	15	489.00	withdraw	2026-02-23 19:52:03.034975
398	15	228.00	withdraw	2026-01-17 19:52:03.034975
399	15	465.00	deposit	2026-02-20 19:52:03.034975
400	15	177.00	withdraw	2026-01-26 19:52:03.034975
401	15	300.00	withdraw	2026-02-06 19:52:03.034975
402	15	96.00	deposit	2026-02-19 19:52:03.034975
403	15	365.00	withdraw	2026-03-01 19:52:03.034975
404	15	376.00	withdraw	2026-02-08 19:52:03.034975
405	15	113.00	deposit	2026-02-17 19:52:03.034975
406	15	93.00	withdraw	2026-01-20 19:52:03.034975
407	15	331.00	deposit	2026-01-31 19:52:03.034975
408	15	150.00	deposit	2026-02-07 19:52:03.034975
409	15	453.00	deposit	2026-02-14 19:52:03.034975
410	15	275.00	deposit	2026-01-28 19:52:03.034975
411	15	268.00	withdraw	2026-02-15 19:52:03.034975
412	15	339.00	withdraw	2026-02-04 19:52:03.034975
413	15	274.00	deposit	2026-02-16 19:52:03.034975
414	15	297.00	deposit	2026-01-12 19:52:03.034975
415	15	432.00	deposit	2026-02-18 19:52:03.034975
416	15	483.00	withdraw	2026-01-29 19:52:03.034975
417	15	78.00	deposit	2026-02-01 19:52:03.034975
418	15	120.00	deposit	2026-02-06 19:52:03.034975
419	15	153.00	withdraw	2026-02-12 19:52:03.034975
420	15	460.00	withdraw	2026-03-02 19:52:03.034975
\.


--
-- Name: accounts_id_seq; Type: SEQUENCE SET; Schema: public; Owner: admin
--

SELECT pg_catalog.setval('public.accounts_id_seq', 15, true);


--
-- Name: transactions_id_seq; Type: SEQUENCE SET; Schema: public; Owner: admin
--

SELECT pg_catalog.setval('public.transactions_id_seq', 420, true);


--
-- Name: users_id_seq; Type: SEQUENCE SET; Schema: public; Owner: admin
--

SELECT pg_catalog.setval('public.users_id_seq', 11, true);


--
-- PostgreSQL database dump complete
--

\unrestrict 7rEEHVReACUgClDmWToZdU2fu7cn4Z4ludL88efzIyCi60YGD9aFnXQ7i1YKR7x

